{
    "Image00001": {
        "MSE": 9805.614705528846,
        "SSIM": 0.3015252558537101,
        "msg": "The images are different"
    }
}