{
    "Image00001": {
        "MSE": 34057.67656850962,
        "SSIM": 0.2694067920708869,
        "msg": "The images are different"
    }
}